timestamp,username,IP_address,status
2026-01-18 03:54:24,cathyspencer,21.190.28.12,failure
2026-01-13 18:48:55,contrerasmichael,15.153.251.225,success
2026-01-03 09:02:16,gillespiemichelle,172.204.160.17,failure
2026-01-17 09:44:59,benjamin38,155.178.215.86,success
2026-01-07 18:28:38,james01,27.180.22.143,success
2026-01-16 14:16:34,richardprince,37.211.19.26,failure
2026-01-16 18:06:29,efreeman,76.249.155.106,failure
2026-01-12 14:36:05,williamshector,167.127.54.54,success
2026-01-05 23:47:32,evansmichael,54.94.96.67,success
2026-01-03 06:40:52,andrewspatty,209.2.95.64,failure
2026-01-10 21:32:59,dgibson,125.231.248.25,failure
2026-01-14 05:43:53,gilbertdanielle,145.12.187.183,failure
2026-01-03 18:46:18,jfisher,57.224.12.222,success
2026-01-08 02:03:05,zwhite,223.69.238.120,failure
2026-01-20 15:35:01,bridgesthomas,63.220.51.195,failure
2026-01-20 07:43:04,brianhughes,62.243.104.43,success
2026-01-17 03:37:46,shaun57,35.13.132.17,failure
2026-01-19 18:06:08,christyjohnston,196.237.41.147,failure
2026-01-14 08:07:52,kelly79,48.31.13.194,failure
2026-01-03 00:49:07,jimmy07,82.139.90.189,success
2026-01-03 17:07:45,kristen03,41.71.125.0,success
2026-01-16 21:05:31,whiteheadjill,182.36.204.48,success
2026-01-06 19:13:43,ryanalex,113.246.186.62,failure
2026-01-07 17:25:56,alyssastevenson,165.229.184.60,success
2026-01-06 01:52:30,danielsamy,98.109.242.245,failure
2026-01-01 05:44:02,christopher42,13.36.145.116,failure
2026-01-06 20:31:31,amysmith,94.172.194.40,success
2026-01-20 01:11:24,ymiller,169.4.4.233,success
2026-01-10 01:47:17,michaelchristopher,190.156.79.146,failure
2026-01-07 06:47:42,ballcindy,165.172.28.206,success
2026-01-20 09:19:08,iroberts,83.48.100.17,failure
2026-01-07 04:10:45,rodriguezwayne,155.160.204.100,success
2026-01-13 08:50:48,troygonzalez,63.7.90.31,failure
2026-01-20 14:32:25,michael72,108.122.222.0,failure
2026-01-10 09:23:13,darren09,76.47.205.221,failure
2026-01-05 10:41:10,robertwilson,121.211.141.52,success
2026-01-01 18:54:03,katherine85,64.21.123.22,failure
2026-01-10 18:26:16,jeffreyjones,161.49.59.1,success
2026-01-02 13:54:30,bgilbert,163.180.64.91,failure
2026-01-10 23:49:39,angela06,103.133.140.233,failure
2026-01-04 02:41:53,deborah24,55.67.68.167,failure
2026-01-11 15:17:59,johnnyrodriguez,140.42.154.16,success
2026-01-15 20:56:29,ginanguyen,35.144.1.147,success
2026-01-20 23:52:37,cruzamy,99.166.7.86,success
2026-01-19 19:11:30,coletammy,44.130.6.0,failure
2026-01-10 18:34:57,brandon02,149.182.93.140,failure
2026-01-09 20:49:55,ahudson,119.22.69.246,success
2026-01-17 00:17:43,jasonsmith,98.15.200.70,success
2026-01-09 05:49:15,sarahwilliams,195.103.185.237,success
2026-01-15 02:32:28,joseph94,96.198.145.1,failure
2026-01-01 22:17:03,johnsonrobin,30.115.152.106,failure
2026-01-09 16:22:47,kristyoneal,72.59.190.186,success
2026-01-15 19:21:27,jeremy03,160.45.12.133,failure
2026-01-09 07:28:51,rodriguezpaul,5.144.237.90,success
2026-01-15 06:59:06,pmatthews,110.213.27.204,success
2026-01-06 02:48:02,nharris,136.150.90.29,success
2026-01-14 11:36:56,qjones,97.51.76.244,success
2026-01-12 09:40:37,rodney34,94.109.171.30,failure
2026-01-20 08:40:14,jhill,116.229.107.48,success
2026-01-20 00:24:16,wwilson,101.254.20.112,failure
2026-01-04 02:56:59,josefields,108.106.93.237,success
2026-01-16 18:30:51,cbates,81.101.100.113,failure
2026-01-09 07:15:00,keith74,180.118.45.220,failure
2026-01-04 08:23:56,jwilson,180.239.48.161,failure
2026-01-07 18:24:01,danny27,174.194.79.191,success
2026-01-13 21:07:32,ashleyrobertson,91.165.207.191,failure
2026-01-21 03:21:32,destinyclayton,142.83.151.175,failure
2026-01-16 22:10:38,kristen41,192.191.50.27,success
2026-01-09 06:41:47,jeromegarcia,120.170.140.91,success
2026-01-08 11:58:52,graypaul,187.225.178.184,failure
2026-01-17 15:41:00,lford,130.9.136.157,failure
2026-01-03 07:05:22,jeffrey66,180.91.197.72,success
2026-01-08 14:45:56,eric85,71.96.80.161,failure
2026-01-02 22:53:36,karen89,12.162.120.100,success
2026-01-16 08:21:31,scottdavid,57.232.43.1,success
2026-01-17 20:05:54,wblake,3.60.136.208,success
2026-01-11 03:18:07,linda28,112.74.217.132,success
2026-01-03 10:58:31,trujillodonald,189.110.25.177,success
2026-01-06 10:11:33,coryhammond,119.49.210.194,failure
2026-01-06 03:59:23,keith75,44.60.4.186,failure
2026-01-04 07:26:23,jessegomez,35.32.90.191,failure
2026-01-16 21:03:12,zbarnes,35.163.227.195,failure
2026-01-05 16:10:39,brianna67,160.220.49.177,failure
2026-01-04 22:56:51,aday,131.250.98.124,success
2026-01-15 22:04:24,pattersonleslie,161.33.96.47,success
2026-01-02 06:08:02,harrisbryan,64.149.70.200,failure
2026-01-16 19:20:01,jordanvickie,82.130.208.219,success
2026-01-15 23:39:47,amymoore,2.167.105.61,success
2026-01-05 14:45:47,josephjenkins,211.38.150.231,success
2026-01-10 08:37:39,anthony52,111.132.190.55,failure
2026-01-07 16:07:32,karen98,83.123.87.206,success
2026-01-13 07:08:18,michael50,65.86.75.20,failure
2026-01-12 22:22:49,umoreno,110.193.85.105,failure
2026-01-06 17:11:37,aleonard,5.218.150.213,failure
2026-01-21 02:45:27,adamrivas,7.75.57.131,success
2026-01-16 21:44:15,rallen,179.84.159.71,success
2026-01-02 00:52:37,amy35,155.8.30.161,failure
2026-01-05 23:02:39,hspencer,12.212.114.156,success
2026-01-09 15:59:43,johnthompson,62.142.245.116,failure
2026-01-20 08:47:46,patricia37,16.145.164.136,failure
